{
  "_debug": {
    "flags": {
      "ENABLE_OD_NAV": true,
      "ENABLE_DDP_RECOVERY": false,
      "ENABLE_LUNAR_LIBRATION": true,
      "ENABLE_DEPARTURE_PHASING": false,
      "ENABLE_RPF_RECOVERY_TARGET": false
    },
    "targets_present": null,
    "launch": {
      "success": true,
      "failure_reason": null,
      "engine_failures": [],
      "max_q_pa": 30042.95524828393,
      "max_g": 3.3735128018102207,
      "peak_alt_km": 47.118431533017194,
      "launch_azimuth_deg": 76.77,
      "srb_sep_alt_km": 47.118431533017194,
      "srb_sep_speed_ms": 1902.478832457481,
      "srb_sep_fpa_deg": 20.475864479560407,
      "meco_mode": "peg_lineartangent",
      "peg_chi0_deg": 33.33687273321377,
      "peg_tan_rate": -0.0014786585840563928,
      "peg_resid": 0.002335932120135895,
      "meco_mass_kg": 193189.39328059062,
      "core_residual_kg": 33489.39328059062,
      "insertion_perigee_km": 29.766413427748716,
      "insertion_apogee_km": 1806.2335865722355,
      "alt_insertion_km": 156.9982387610264,
      "t_meco_s": 483.06589088544956,
      "t_insertion": 483.06589088544956
    },
    "prm": {
      "success": true,
      "failure_reason": null,
      "prm_burn_s": 21.938336609490996,
      "prm_dv_ms": 41.440833312901304,
      "parking_perigee_km": 184.99999999999162,
      "parking_apogee_km": 1798.7976751602096,
      "t_end": 3117.6043453097186
    },
    "tli": {
      "success": true,
      "failure_reason": null,
      "tli_ignition_dv_ms": 2907.4750103154765,
      "tli_ign_t_s": 5752.155926273643,
      "icps_prop_used_kg": 27376.850529569463,
      "icps_prop_margin_kg": 1799.149470430537,
      "tli_dv_ms": 2837.544134683837,
      "post_tli_c3_km2s2": -2.024144906932965,
      "post_tli_apogee_km": 380561.77225265483,
      "t_end": 6298.922654790816
    },
    "outbound_coast": {
      "success": true,
      "failure_reason": null,
      "otc1_corr_dv_ms": 2.5892473165146996,
      "otc1_dv_ms": 30.85727543405127,
      "otc2_dv_ms": 0.0,
      "otc3_dv_ms": 0.0,
      "otc4_dv_ms": 0.0,
      "otc_dv_total_ms": 30.85727543405127,
      "lunar_closest_approach_km": 1883.5032830190391,
      "lunar_closest_alt_km": 146.10328301903905,
      "t_end": 453706.1024936466
    },
    "opf": {
      "success": true,
      "failure_reason": null,
      "opf_dv_ms": 179.34883835857278,
      "esm_prop_used_kg": 1439.8089227334676,
      "t_end": 453706.1024936466
    },
    "dri": {
      "success": true,
      "failure_reason": null,
      "otc5_dv_ms": 0.0,
      "otc6_dv_ms": 0.0,
      "t_end": 831884.0,
      "dri_dv_ms": 110.16288005958894,
      "esm_prop_used_kg": 843.9506875919867,
      "dro_snap_km": 4.998232840485219,
      "dro_phase": 0.7917,
      "dro_t0": 831884.0,
      "dro_period_s": 1195254.8970690116,
      "dro_insertion_dist_km": 93931.80784443808
    },
    "dro_coast": {
      "success": true,
      "failure_reason": null,
      "max_earth_distance_km": 432196.9310349192,
      "max_earth_distance_get_d": 12.596538480684988,
      "dro_lunar_min_km": 71022.93966373704,
      "dro_lunar_max_km": 93931.97583166718,
      "t_end": 1350373.0
    },
    "ddp": {
      "success": true,
      "failure_reason": null,
      "return_path": "phasec",
      "ddp_dv_ms": 144.56845155422857,
      "esm_prop_used_kg": 1062.9729564159934,
      "return_dep_offset_d": 0.0,
      "return_perilune_km": 289.7202979253423,
      "t_end": 1350371.52
    },
    "return_coast": {
      "success": true,
      "failure_reason": null,
      "t_end": 1676998.08,
      "return_perilune_km": 289.7202979253423
    },
    "rpf": {
      "success": true,
      "failure_reason": null,
      "rpf_dv_ms": 370.57859275326024,
      "esm_prop_used_kg": 2508.7120750405556,
      "esm_prop_remaining_kg": 2488.3225795832623,
      "t_end": 1676998.08
    },
    "transearth": {
      "success": true,
      "failure_reason": null,
      "entry_velocity_ms": 10987.685840014254,
      "entry_fpa_deg": -5.952405747047637,
      "esm_prop_used_kg": 1.889050646328542,
      "t_end": 2197944.003915117
    },
    "cm_sm_sep": {
      "success": true,
      "failure_reason": null,
      "t_end": 2197944.003915117
    },
    "edl_wind_drift_km": 0.0,
    "entry_nav_resid_km": 0.0,
    "entry": {
      "success": true,
      "failure_reason": null,
      "entry_dens_scale": 1.0,
      "edl_descent_s": 419.8426966292135,
      "edl_splash_vel_ms": 8.9,
      "edl_wind_drift_km": 0.0,
      "entry_nav_resid_km": 0.0,
      "splash_lat": 32.30286725039603,
      "splash_lon": -118.17154579021582,
      "peak_g": 4.441916784366187,
      "t_splash": 2199466.3382388726,
      "ei_lat": -26.22144486485751,
      "ei_lon": -120.10144503940388,
      "recovery_zone_lat": 32.302867250396034,
      "recovery_zone_lon": -118.17154579021582,
      "splash_miss_km": 0.0,
      "recovery_zone_displacement_km": 0.0,
      "t_end": 2199046.4955422436
    }
  },
  "launch_success": true,
  "launch_failure_reason": null,
  "launch_meco_mode": "peg_lineartangent",
  "launch_azimuth_deg": 76.77,
  "otc1_dv_ms": 30.85727543405127,
  "otc1_corr_dv_ms": 2.5892473165146996,
  "otc2_dv_ms": 0.0,
  "otc3_dv_ms": 0.0,
  "otc4_dv_ms": 0.0,
  "otc_dv_total_ms": 30.85727543405127,
  "lunar_closest_alt_km": 146.10328301903905,
  "max_earth_distance_km": 432196.9310349192,
  "entry_fpa_deg": -5.952405747047637,
  "entry_velocity_ms": 10987.685840014254,
  "splash_lat": 32.30286725039603,
  "splash_lon": -118.17154579021582,
  "splash_miss_km": 0.0,
  "recovery_zone_lat": 32.302867250396034,
  "recovery_zone_lon": -118.17154579021582,
  "recovery_zone_displacement_km": 0.0,
  "ei_lat": -26.22144486485751,
  "ei_lon": -120.10144503940388,
  "entry_peak_g": 4.441916784366187,
  "entry_dens_scale": 1.0,
  "entry_nav_resid_km": 0.0,
  "prm_dv_ms": 41.440833312901304,
  "prm_burn_s": 21.938336609490996,
  "parking_perigee_km": 184.99999999999162,
  "parking_apogee_km": 1798.7976751602096,
  "tli_dv_ms": 2837.544134683837,
  "post_tli_c3_km2s2": -2.024144906932965,
  "dri_dv_ms": 110.16288005958894,
  "dro_snap_km": 4.998232840485219,
  "opf_dv_ms": 179.34883835857278,
  "otc5_dv_ms": 0.0,
  "otc6_dv_ms": 0.0,
  "ddp_dv_ms": 144.56845155422857,
  "rpf_dv_ms": 370.57859275326024,
  "esm_prop_remaining_kg": 2488.3225795832623,
  "mission_duration_d": 25.456786322209172,
  "full_success": true,
  "mission_failure": null
}