{
  "_debug": {
    "flags": {
      "ENABLE_OD_NAV": true,
      "ENABLE_DDP_RECOVERY": false,
      "ENABLE_LUNAR_LIBRATION": true,
      "ENABLE_DEPARTURE_PHASING": false,
      "ENABLE_RPF_RECOVERY_TARGET": false
    },
    "targets_present": null,
    "launch": {
      "success": true,
      "failure_reason": null,
      "engine_failures": [],
      "max_q_pa": 30042.95524828393,
      "max_g": 3.3735128018102207,
      "peak_alt_km": 47.118431533017194,
      "launch_azimuth_deg": 76.77,
      "srb_sep_alt_km": 47.118431533017194,
      "srb_sep_speed_ms": 1902.478832457481,
      "srb_sep_fpa_deg": 20.475864479560407,
      "meco_mode": "peg_lineartangent",
      "peg_chi0_deg": 33.33687273321377,
      "peg_tan_rate": -0.0014786585840563928,
      "peg_resid": 0.002335932120135895,
      "meco_mass_kg": 193189.39328059062,
      "core_residual_kg": 33489.39328059062,
      "insertion_perigee_km": 29.766413427748716,
      "insertion_apogee_km": 1806.2335865722355,
      "alt_insertion_km": 156.9982387610264,
      "t_meco_s": 483.06589088544956,
      "t_insertion": 483.06589088544956
    },
    "prm": {
      "success": true,
      "failure_reason": null,
      "prm_burn_s": 21.938336609490996,
      "prm_dv_ms": 41.440833312901304,
      "parking_perigee_km": 184.99999999999162,
      "parking_apogee_km": 1798.7976751602096,
      "t_end": 3117.6043453097186
    },
    "tli": {
      "success": true,
      "failure_reason": null,
      "tli_ignition_dv_ms": 2907.9483070423203,
      "tli_ign_t_s": 5753.209741311694,
      "icps_prop_used_kg": 27376.150659752228,
      "icps_prop_margin_kg": 1799.8493402477725,
      "tli_dv_ms": 2837.4415712360633,
      "post_tli_c3_km2s2": -2.023945024763554,
      "post_tli_apogee_km": 380601.0430276168,
      "t_end": 6299.881518937117
    },
    "outbound_coast": {
      "success": true,
      "failure_reason": null,
      "otc1_corr_dv_ms": 3.2988293829870305,
      "otc1_dv_ms": 30.85727543405127,
      "otc2_dv_ms": 0.0,
      "otc3_dv_ms": 0.0,
      "otc4_dv_ms": 0.0,
      "otc_dv_total_ms": 30.85727543405127,
      "lunar_closest_approach_km": 1883.4788205764494,
      "lunar_closest_alt_km": 146.0788205764493,
      "t_end": 455106.2024785204
    },
    "opf": {
      "success": true,
      "failure_reason": null,
      "opf_dv_ms": 186.6320534110054,
      "esm_prop_used_kg": 1496.5360999801487,
      "t_end": 455106.2024785204
    },
    "dri": {
      "success": true,
      "failure_reason": null,
      "otc5_dv_ms": 0.12772614088790116,
      "otc6_dv_ms": 0.0,
      "t_end": 831884.0,
      "dri_dv_ms": 93.78546318590935,
      "esm_prop_used_kg": 718.6542919920299,
      "dro_snap_km": 1.3006465681659474,
      "dro_phase": 0.7917,
      "dro_t0": 831884.0,
      "dro_period_s": 1195254.8970690116,
      "dro_insertion_dist_km": 92493.5114519917
    },
    "dro_coast": {
      "success": true,
      "failure_reason": null,
      "max_earth_distance_km": 431418.204763852,
      "max_earth_distance_get_d": 12.548518234882795,
      "dro_lunar_min_km": 70259.41386085794,
      "dro_lunar_max_km": 92492.23296967363,
      "t_end": 1350373.0
    },
    "ddp": {
      "success": true,
      "failure_reason": null,
      "return_path": "phasec",
      "ddp_dv_ms": 151.4466306449702,
      "esm_prop_used_kg": 1115.5441727840225,
      "return_dep_offset_d": 0.0,
      "return_perilune_km": 289.7202585658664,
      "t_end": 1350371.52
    },
    "return_coast": {
      "success": true,
      "failure_reason": null,
      "t_end": 1676998.08,
      "return_perilune_km": 289.7202585658664
    },
    "rpf": {
      "success": true,
      "failure_reason": null,
      "rpf_dv_ms": 352.9488457537073,
      "esm_prop_used_kg": 2397.652552735388,
      "esm_prop_remaining_kg": 2614.3864653321216,
      "t_end": 1676998.08
    },
    "transearth": {
      "success": true,
      "failure_reason": null,
      "entry_velocity_ms": 10987.685984240712,
      "entry_fpa_deg": -5.9519715691756785,
      "esm_prop_used_kg": 1.9014231732326152,
      "t_end": 2197944.013086426
    },
    "cm_sm_sep": {
      "success": true,
      "failure_reason": null,
      "t_end": 2197944.013086426
    },
    "edl_wind_drift_km": 0.0,
    "entry_nav_resid_km": 0.0,
    "entry": {
      "success": true,
      "failure_reason": null,
      "entry_dens_scale": 1.0,
      "edl_descent_s": 419.8426966292135,
      "edl_splash_vel_ms": 8.9,
      "edl_wind_drift_km": 0.0,
      "entry_nav_resid_km": 0.0,
      "splash_lat": 32.31800645550224,
      "splash_lon": -118.18084726162509,
      "peak_g": 4.436036889104328,
      "t_splash": 2199466.2957223575,
      "ei_lat": -26.22057309382484,
      "ei_lon": -120.10140282857824,
      "recovery_zone_lat": 32.31800645550226,
      "recovery_zone_lon": -118.1808472616251,
      "splash_miss_km": 9.50416475534439e-05,
      "recovery_zone_displacement_km": 9.50416475534439e-05,
      "t_end": 2199046.4530257285
    }
  },
  "launch_success": true,
  "launch_failure_reason": null,
  "launch_meco_mode": "peg_lineartangent",
  "launch_azimuth_deg": 76.77,
  "otc1_dv_ms": 30.85727543405127,
  "otc1_corr_dv_ms": 3.2988293829870305,
  "otc2_dv_ms": 0.0,
  "otc3_dv_ms": 0.0,
  "otc4_dv_ms": 0.0,
  "otc_dv_total_ms": 30.85727543405127,
  "lunar_closest_alt_km": 146.0788205764493,
  "max_earth_distance_km": 431418.204763852,
  "entry_fpa_deg": -5.9519715691756785,
  "entry_velocity_ms": 10987.685984240712,
  "splash_lat": 32.31800645550224,
  "splash_lon": -118.18084726162509,
  "splash_miss_km": 9.50416475534439e-05,
  "recovery_zone_lat": 32.31800645550226,
  "recovery_zone_lon": -118.1808472616251,
  "recovery_zone_displacement_km": 9.50416475534439e-05,
  "ei_lat": -26.22057309382484,
  "ei_lon": -120.10140282857824,
  "entry_peak_g": 4.436036889104328,
  "entry_dens_scale": 1.0,
  "entry_nav_resid_km": 0.0,
  "prm_dv_ms": 41.440833312901304,
  "prm_burn_s": 21.938336609490996,
  "parking_perigee_km": 184.99999999999162,
  "parking_apogee_km": 1798.7976751602096,
  "tli_dv_ms": 2837.4415712360633,
  "post_tli_c3_km2s2": -2.023945024763554,
  "dri_dv_ms": 93.78546318590935,
  "dro_snap_km": 1.3006465681659474,
  "opf_dv_ms": 186.6320534110054,
  "otc5_dv_ms": 0.12772614088790116,
  "otc6_dv_ms": 0.0,
  "ddp_dv_ms": 151.4466306449702,
  "rpf_dv_ms": 352.9488457537073,
  "esm_prop_remaining_kg": 2614.3864653321216,
  "mission_duration_d": 25.456785830119877,
  "full_success": true,
  "mission_failure": null
}