{"opf_snapfree_dv": [5.0862077874764555, -145.56613219677683, -116.68828136544589], "dri_dv_nominal_sf": 93.78546318590935, "phasec_ret_Jlin": [[-2.7312855056241136e-06, -4.83153750551445e-08, 4.946711660536984e-07, -0.9822794653951643, 0.06098562082669272, 0.01216998634682358], [-4.6650059188981714e-07, -3.4919066562274804e-06, -2.4709231051222055e-06, -0.00493735269636514, -1.0103642081759496, -0.006694791883903202], [2.45096861303075e-07, -2.530519217869127e-06, 4.932787345995217e-07, -0.0024038571146052343, -0.024291872397214198, -0.9952764465361548], [5.333025838461283e-06, -1.3994623139507183e-05, 6.739633790588596e-06, -0.09447344557029352, -1.370719415206445, 0.10256321602388277], [-1.575278779272447e-05, -2.7455515543898027e-06, -2.3665802403639306e-05, -0.6294447878459087, -2.3249701535033607, -0.74601916391504], [8.189174010299331e-06, -1.1346805340100244e-05, 4.825834142202913e-05, 0.5783287462401528, 0.7307191378873975, 0.9364323957396437]], "phasec_ret_Jdv": [[26167.383442729715, 58510.05783947945, 22133.057260632515, 400.68887770891195, 276.279395297766, 8.399381331205404], [937.6012132179736, 5732.107741460204, 3840.2117720502615, 47.81100301027298, 154.81067947626116, 47.78092962622644], [-8806.423803949057, -14141.230822212101, -7254.730216067134, -96.17071405917407, -22.431460837721815, 43.15353760451082], [155.39062756930662, 348.4958226747682, 132.6305094393922, 2.417266742749007, 1.7095801102516361, 0.062248835650962064], [13.552843031986868, 50.17251957671533, 27.3048881711793, 0.3810212339755026, 0.9338963659513411, 0.2776796902224987], [-44.655478489899565, -71.86744608473816, -36.24119210894321, -0.5029685033764508, -0.0878529794925953, 0.22267424291840143]], "return_dep_offset_s": 0.0, "return_rpf_hint": 352.9488457537073, "entry_downrange_km": 6519.668817011306, "entry_track_offset_deg": -0.5806345290678392, "recovery_zone_nominal": [32.31800645550224, -118.18084726162509], "recovery_splash": [32.31800645550224, -118.18084726162509], "od_L_otc0": [[1259.9258774950947, 0.0, 0.0, 0.0, 0.0, 0.0], [0.029726827830239836, 1260.5677989039839, 0.0, 0.0, 0.0, 0.0], [0.08411033880957008, 1.4953092187000026, 1262.509990607479, 0.0, 0.0, 0.0], [3.2568229696821743e-07, -1.0251733752658114e-05, -8.84357088635655e-06, 0.012605106615842512, 0.0, 0.0], [8.335926178466595e-07, 3.833672325935966e-05, 4.7388209672651346e-05, -3.055865549065034e-05, 0.012656035393036776, 0.0], [2.4961392216203597e-06, 5.5515731816081e-05, 0.00012381648642884556, -3.54522275482236e-05, 0.0001673647857128679, 0.01277945574867252]], "od_L_otc1": [[632.4135558012895, 0.0, 0.0, 0.0, 0.0, 0.0], [21.475827095790724, 693.1339116842304, 0.0, 0.0, 0.0, 0.0], [31.49975857669897, 90.6659813054037, 786.5297876352839, 0.0, 0.0, 0.0], [2.853897923640045e-05, 5.411385841115381e-05, 0.00021333591730659553, 0.006311564787217072, 0.0, 0.0], [0.00010312114663843233, 0.0006230498899040257, 0.00029627412033401783, 1.212499602270406e-05, 0.006445807897262037, 0.0], [0.0002920492792851386, 0.0009601729850164397, 0.0019358420186621516, 9.673146560545208e-05, 0.000210024504899781, 0.007206597729660085]], "od_L_otc2": [[383.3060696594831, 0.0, 0.0, 0.0, 0.0, 0.0], [-0.6879389994121551, 380.19363599767547, 0.0, 0.0, 0.0, 0.0], [0.2201528185180866, -0.08703787443111348, 380.3702557420941, 0.0, 0.0, 0.0], [4.8224161196580394e-05, -5.901503535046982e-07, 7.623690447710158e-07, 0.003790979783336387, 0.0, 0.0], [-6.988206960123688e-06, 1.9582846661747672e-05, -4.940963007393811e-07, -1.2388065763124092e-07, 0.003787236848126323, 0.0], [5.861533847858747e-07, -5.58290763758535e-07, 2.1049848002867163e-05, 4.496429142035204e-08, -5.177814635406371e-07, 0.0037885441134556746]], "od_L_otc3": [[385.08496842034907, 0.0, 0.0, 0.0, 0.0, 0.0], [-0.7653005646028256, 380.8428472843714, 0.0, 0.0, 0.0, 0.0], [0.0025405912519195837, 0.3080236289522183, 380.54917935404717, 0.0, 0.0, 0.0], [2.249546807246663e-05, 7.812247766701904e-06, 3.711681469146478e-06, 0.003782692698306133, 0.0, 0.0], [4.759596646053378e-06, 4.259635447825794e-05, 1.6650072691242262e-05, 1.0084914104888914e-05, 0.00380076394001202, 0.0], [2.2754793859419537e-06, 1.6360080839601146e-05, 1.3348779540611243e-05, 4.24114732296931e-06, 1.4338663650043466e-05, 0.0037878495761521783]], "od_L_otc4": [[378.1372810301585, 0.0, 0.0, 0.0, 0.0, 0.0], [-0.06028016352096251, 378.3024996808409, 0.0, 0.0, 0.0, 0.0], [0.05484879168833813, 0.17634257843617454, 379.62667394452836, 0.0, 0.0, 0.0], [6.336466542776991e-06, -5.734134941771309e-06, -4.4846101582092857e-07, 0.003787656978881836, 0.0, 0.0], [-2.239916139832277e-06, 8.051649994263272e-06, 1.7242452319516055e-06, -9.845421024592056e-06, 0.0037856139878381426, 0.0], [2.5346463609292717e-06, 8.867995300970718e-06, 6.265071044681392e-05, -4.435658526843617e-06, 1.1214714111887846e-05, 0.003879007529936251]], "od_L_otc5": [[391.3420442494706, 0.0, 0.0, 0.0, 0.0, 0.0], [-1.7927309494757044, 380.00731872796854, 0.0, 0.0, 0.0, 0.0], [-0.15761559668437056, 0.04891364472143974, 380.3963691164921, 0.0, 0.0, 0.0], [4.302637902376113e-05, -2.8907770922738747e-07, 1.9951773746125131e-07, 0.0037888894232951053, 0.0, 0.0], [5.696413760521827e-05, 2.6193694172280487e-05, 5.708261573678425e-09, 1.2295697122625388e-05, 0.003802515496206056, 0.0], [1.1612342016932149e-07, 4.7400549460985976e-07, 4.034725752207495e-05, 2.7246374755235016e-07, 5.924834226135268e-07, 0.003804807927910995]], "od_L_dri": [[303.2778216401193, 0.0, 0.0, 0.0, 0.0, 0.0], [-0.6692429382342254, 311.1398026801933, 0.0, 0.0, 0.0, 0.0], [-0.2837575788334982, 7.899124063675349, 305.4947108081889, 0.0, 0.0, 0.0], [3.1192352846210795e-05, -2.5547448249851575e-05, -1.2565200548883943e-05, 0.003011534670019527, 0.0, 0.0], [-1.7745660395566417e-06, 6.056061641528512e-05, 1.5068927853755036e-05, -6.164038311703499e-06, 0.0030133870004419856, 0.0], [-5.253349200814665e-07, 1.7102231578629807e-05, 3.86193258207847e-05, -2.5030803759163832e-06, 1.4684773208084535e-06, 0.0030128151472553354]]}