{"opf_snapfree_dv": [-5.011531290768624, -144.31690720604416, -106.36503499352196], "dri_dv_nominal_sf": 110.16288005958894, "phasec_ret_Jlin": [[-2.8845714620728502e-06, 2.3770488559511313e-08, 4.815112837229568e-07, -0.9794818757990698, 0.05965955485940306, 0.012131063618275307], [-3.799353236893226e-07, -3.4333876139399434e-06, -2.2451943174857274e-06, -0.007489775333502766, -1.0125505243130222, -0.007529432397809948], [2.6301434618716666e-07, -2.2708110802375435e-06, 1.9047833287495566e-07, 0.000469703021046196, -0.01951885995266318, -0.9937329739887886], [5.619596015184905e-06, -1.2200642362591648e-05, 7.13099104538778e-06, -0.04504252140193685, -1.1727738949176312, 0.18124618484524657], [-1.5044546880119632e-05, -3.1930895391640053e-06, -2.229185656471318e-05, -0.6406378048873754, -2.3574862228765117, -0.7943764249752544], [9.006250985538532e-06, -7.010971479605105e-06, 4.748671350187764e-05, 0.9154585405523511, 1.294764531785516, 1.1409138895415303]], "phasec_ret_Jdv": [[28023.99517220616, 62331.21016332865, 23447.501152474877, 400.71008653283116, 276.7514846098423, 8.645443525314331], [1856.285703610778, 7983.103904245496, 4771.001216423511, 47.79881725847721, 154.90036391317844, 47.934162099361416], [-9007.681104764044, -14194.018990544078, -7360.8694892066715, -96.21994316369296, -22.46667483270168, 43.02576795101165], [166.90482724300807, 372.3588442006587, 140.9221612578699, 2.417403966633742, 1.712436551558767, 0.063774236559766], [19.101123160581892, 63.54787458714952, 32.706144460733526, 0.3809087415902468, 0.9345310292127351, 0.27858685466185307], [-45.6078085358655, -71.99455070078727, -36.691107315404, -0.5032342901432685, -0.08801579830560513, 0.2220478214923105]], "return_dep_offset_s": 0.0, "return_rpf_hint": 370.57859275326024, "entry_downrange_km": 6518.112624450687, "entry_track_offset_deg": -0.5708365232114603, "recovery_zone_nominal": [32.30286725039603, -118.17154579021582], "recovery_splash": [32.30286725039603, -118.17154579021582], "od_L_otc0": [[1259.9258782352802, 0.0, 0.0, 0.0, 0.0, 0.0], [0.02976367774575694, 1260.5675079503321, 0.0, 0.0, 0.0, 0.0], [0.08398336548192177, 1.4910008133552606, 1262.501567745456, 0.0, 0.0, 0.0], [3.2528037939116e-07, -1.0247015286471916e-05, -8.813308991669228e-06, 0.012605104292603123, 0.0, 0.0], [8.344731543064106e-07, 3.83133737695772e-05, 4.725678262995852e-05, -3.054015164262273e-05, 0.012655993613880707, 0.0], [2.494840845607459e-06, 5.545786899803207e-05, 0.0001234139517029312, -3.5419247738442656e-05, 0.00016716360433955717, 0.012779085938119002]], "od_L_otc1": [[632.0719656143477, 0.0, 0.0, 0.0, 0.0, 0.0], [18.49036220753503, 688.9042362757965, 0.0, 0.0, 0.0, 0.0], [27.211754630496667, 69.95051901040856, 780.1549917707625, 0.0, 0.0, 0.0], [2.3876293848080918e-05, 3.28436232717787e-05, 0.00019884948526255217, 0.00631076812929476, 0.0, 0.0], [8.71893333038935e-05, 0.0005879534064294721, 0.00021262871851687347, 4.687866174602566e-06, 0.006443985834690177, 0.0], [0.0002602947467101593, 0.00079353753469146, 0.0018742945203098652, 9.088689094459455e-05, 0.0001510603577643688, 0.00719564276192024]], "od_L_otc2": [[383.30847310924946, 0.0, 0.0, 0.0, 0.0, 0.0], [-0.6969115995215374, 380.2056494148176, 0.0, 0.0, 0.0, 0.0], [0.21926836835954486, -0.08389989366016852, 380.3692665797, 0.0, 0.0, 0.0], [4.815816590170617e-05, -5.71102894867722e-07, 7.650667399705555e-07, 0.0037909509202209437, 0.0, 0.0], [-7.090743080347359e-06, 1.9832968833472953e-05, -4.612474263296201e-07, -1.1790368236927737e-07, 0.003787339012334872, 0.0], [5.727787918313367e-07, -5.259737746417382e-07, 2.1008944630370544e-05, 4.629149181717412e-08, -4.936322918449058e-07, 0.0037885294497441266]], "od_L_otc3": [[385.1084203200489, 0.0, 0.0, 0.0, 0.0, 0.0], [-0.7301750606745584, 380.792749964226, 0.0, 0.0, 0.0, 0.0], [-0.1252405324706296, 0.4359521387211626, 380.61398903435327, 0.0, 0.0, 0.0], [1.8372952776491017e-05, 8.013589676677488e-06, 5.647998957386617e-06, 0.0037822510932325843, 0.0, 0.0], [5.9272941920503935e-06, 3.7719501193426356e-05, 2.332089359751291e-05, 1.0353224778287733e-05, 0.0037998857647452288, 0.0], [4.1145819661385165e-06, 2.2999221376762964e-05, 2.035692850215424e-05, 6.825437584678427e-06, 2.107905391336354e-05, 0.0037917539914400842]], "od_L_otc4": [[378.1269262838029, 0.0, 0.0, 0.0, 0.0, 0.0], [0.018325623767547254, 378.603643949907, 0.0, 0.0, 0.0, 0.0], [0.018498144253358124, 0.10431442460336907, 379.6700198562542, 0.0, 0.0, 0.0], [5.367249605648647e-06, -8.81103916748909e-06, -5.352487419945123e-07, 0.003787913728300561, 0.0, 0.0], [-1.5622137140524947e-06, 1.5235582647478769e-05, 6.612951175098054e-07, -1.3792403195812535e-05, 0.00378974137811798, 0.0], [6.733061168121039e-08, 4.854825146511001e-06, 6.708677357442738e-05, -5.331065657094962e-06, 4.765695659859109e-06, 0.003887958864035647]], "od_L_otc5": [[391.2212773889265, 0.0, 0.0, 0.0, 0.0, 0.0], [-1.855841420641833, 379.99698718422655, 0.0, 0.0, 0.0, 0.0], [-0.1550982546116422, 0.049023580133928886, 380.3795750125451, 0.0, 0.0, 0.0], [4.3496871850600644e-05, -5.14106824155912e-07, 1.9588912979262644e-07, 0.003788980266905092, 0.0, 0.0], [5.5231581246421566e-05, 2.5848506917413367e-05, 1.6288052160541374e-08, 1.2174093855872243e-05, 0.0038020634519503713, 0.0], [1.3820668955538693e-07, 4.694360001685788e-07, 4.011514333422546e-05, 2.7428435674854956e-07, 5.935455960846208e-07, 0.0038046879934495047]], "od_L_dri": [[303.24386932624196, 0.0, 0.0, 0.0, 0.0, 0.0], [-0.6863293871285291, 310.91552726116555, 0.0, 0.0, 0.0, 0.0], [-0.2927900635425493, 7.711502636188413, 305.4105052384658, 0.0, 0.0, 0.0], [3.091955174309768e-05, -2.4083616940965904e-05, -1.1840698302168107e-05, 0.003011515326620731, 0.0, 0.0], [-1.7398343350319926e-06, 6.134421690090483e-05, 1.564666537920955e-05, -6.046240370328996e-06, 0.003013569124085284, 0.0], [-5.011788016720718e-07, 1.753865225961255e-05, 3.8535859427630966e-05, -2.456077612738308e-06, 1.8157649247944005e-06, 0.0030127297885914313]]}